T_years,duration_hours,intensity_mm_per_hr
2,0.25,123.465
2,0.2558,121.3826
2,0.261735,119.3354
2,0.267808,117.3227
2,0.274022,115.344
2,0.280379,113.3986
2,0.286884,111.4861
2,0.293541,109.6058
2,0.300351,107.7572
2,0.30732,105.9398
2,0.31445,104.153
2,0.321746,102.3964
2,0.329211,100.6694
2,0.336849,98.9715
2,0.344664,97.3023
2,0.352661,95.6612
2,0.360843,94.0478
2,0.369215,92.4616
2,0.377782,90.9022
2,0.386547,89.369
2,0.395515,87.8617
2,0.404692,86.3799
2,0.414081,84.923
2,0.423689,83.4907
2,0.433519,82.0826
2,0.443577,80.6982
2,0.453869,79.3372
2,0.464399,77.9991
2,0.475174,76.6836
2,0.486199,75.3902
2,0.497479,74.1187
2,0.509021,72.8686
2,0.520831,71.6396
2,0.532916,70.4314
2,0.54528,69.2435
2,0.557931,68.0757
2,0.570876,66.9275
2,0.584121,65.7987
2,0.597674,64.689
2,0.611541,63.5979
2,0.625729,62.5253
2,0.640247,61.4708
2,0.655102,60.434
2,0.670301,59.4147
2,0.685853,58.4127
2,0.701766,57.4275
2,0.718048,56.4589
2,0.734708,55.5067
2,0.751754,54.5705
2,0.769196,53.6502
2,0.787042,52.7453
2,0.805303,51.8557
2,0.823987,50.9811
2,0.843105,50.1213
2,0.862666,49.276
2,0.882681,48.4449
2,0.903161,47.6278
2,0.924115,46.8245
2,0.945556,46.0348
2,0.967495,45.2584
2,0.989942,44.4951
2,1.01291,43.7446
2,1.036411,43.0068
2,1.060457,42.2815
2,1.085062,41.5684
2,1.110237,40.8673
2,1.135996,40.178
2,1.162353,39.5004
2,1.189321,38.8342
2,1.216915,38.1792
2,1.245149,37.5353
2,1.274038,36.9022
2,1.303598,36.2799
2,1.333843,35.668
2,1.364791,35.0664
2,1.396456,34.475
2,1.428856,33.8935
2,1.462007,33.3219
2,1.495928,32.7599
2,1.530636,32.2074
2,1.566149,31.6642
2,1.602486,31.1301
2,1.639666,30.6051
2,1.677708,30.0889
2,1.716634,29.5814
2,1.756462,29.0825
2,1.797215,28.592
2,1.838913,28.1098
2,1.881578,27.6357
2,1.925234,27.1696
2,1.969902,26.7114
2,2.015606,26.2608
2,2.062372,25.8179
2,2.110222,25.3825
2,2.159182,24.9544
2,2.209278,24.5335
2,2.260537,24.1197
2,2.312984,23.7129
2,2.366649,23.313
2,2.421559,22.9198
2,2.477743,22.5333
2,2.53523,22.1532
2,2.594051,21.7796
2,2.654237,21.4123
2,2.715819,21.0511
2,2.77883,20.6961
2,2.843303,20.347
2,2.909272,20.0039
2,2.976772,19.6665
2,3.045837,19.3348
2,3.116505,19.0087
2,3.188813,18.6881
2,3.262798,18.3729
2,3.338499,18.063
2,3.415958,17.7584
2,3.495213,17.4589
2,3.576307,17.1644
2,3.659283,16.8749
2,3.744183,16.5903
2,3.831054,16.3105
2,3.91994,16.0354
2,4.010889,15.765
2,4.103947,15.4991
2,4.199165,15.2377
2,4.296592,14.9807
2,4.396279,14.728
2,4.498279,14.4796
2,4.602646,14.2354
2,4.709434,13.9953
2,4.8187,13.7593
2,4.930501,13.5272
2,5.044896,13.2991
2,5.161945,13.0748
2,5.28171,12.8542
2,5.404254,12.6374
2,5.52964,12.4243
2,5.657936,12.2148
2,5.789209,12.0087
2,5.923527,11.8062
2,6.060961,11.6071
2,6.201585,11.4113
2,6.345471,11.2189
2,6.492695,11.0296
2,6.643335,10.8436
2,6.797471,10.6607
2,6.955182,10.4809
2,7.116552,10.3042
2,7.281667,10.1304
2,7.450613,9.9595
2,7.623478,9.7915
2,7.800354,9.6264
2,7.981334,9.464
2,8.166512,9.3044
2,8.355988,9.1475
2,8.549859,8.9932
2,8.748228,8.8415
2,8.9512,8.6924
2,9.158881,8.5458
2,9.371381,8.4017
2,9.588811,8.26
2,9.811286,8.1207
2,10.038922,7.9837
2,10.27184,7.8491
2,10.510162,7.7167
2,10.754013,7.5865
2,11.003522,7.4586
2,11.258821,7.3328
2,11.520042,7.2091
2,11.787324,7.0875
2,12.060807,6.968
2,12.340636,6.8505
2,12.626957,6.7349
2,12.919921,6.6213
2,13.219683,6.5097
2,13.526399,6.3999
2,13.840231,6.2919
2,14.161345,6.1858
2,14.48991,6.0815
2,14.826097,5.9789
2,15.170085,5.8781
2,15.522053,5.7789
2,15.882188,5.6815
2,16.250678,5.5857
2,16.627718,5.4914
2,17.013506,5.3988
2,17.408244,5.3078
2,17.812141,5.2183
2,18.22541,5.1302
2,18.648266,5.0437
2,19.080934,4.9586
2,19.52364,4.875
2,19.976617,4.7928
2,20.440104,4.712
2,20.914345,4.6325
2,21.399589,4.5544
2,21.896091,4.4775
2,22.404113,4.402
2,22.923922,4.3278
2,23.455791,4.2548
2,24.0,4.183
5,0.25,158.2072
5,0.2558,155.5389
5,0.261735,152.9156
5,0.267808,150.3366
5,0.274022,147.8011
5,0.280379,145.3083
5,0.286884,142.8575
5,0.293541,140.4481
5,0.300351,138.0794
5,0.30732,135.7505
5,0.31445,133.461
5,0.321746,131.2101
5,0.329211,128.9971
5,0.336849,126.8215
5,0.344664,124.6825
5,0.352661,122.5796
5,0.360843,120.5122
5,0.369215,118.4797
5,0.377782,116.4815
5,0.386547,114.5169
5,0.395515,112.5855
5,0.404692,110.6866
5,0.414081,108.8198
5,0.423689,106.9845
5,0.433519,105.1801
5,0.443577,103.4062
5,0.453869,101.6621
5,0.464399,99.9475
5,0.475174,98.2618
5,0.486199,96.6046
5,0.497479,94.9752
5,0.509021,93.3734
5,0.520831,91.7986
5,0.532916,90.2503
5,0.54528,88.7282
5,0.557931,87.2317
5,0.570876,85.7605
5,0.584121,84.3141
5,0.597674,82.892
5,0.611541,81.494
5,0.625729,80.1195
5,0.640247,78.7683
5,0.655102,77.4398
5,0.670301,76.1337
5,0.685853,74.8496
5,0.701766,73.5872
5,0.718048,72.3461
5,0.734708,71.1259
5,0.751754,69.9263
5,0.769196,68.747
5,0.787042,67.5875
5,0.805303,66.4476
5,0.823987,65.3269
5,0.843105,64.2251
5,0.862666,63.1419
5,0.882681,62.077
5,0.903161,61.03
5,0.924115,60.0007
5,0.945556,58.9887
5,0.967495,57.9938
5,0.989942,57.0157
5,1.01291,56.0541
5,1.036411,55.1087
5,1.060457,54.1792
5,1.085062,53.2655
5,1.110237,52.3671
5,1.135996,51.4839
5,1.162353,50.6156
5,1.189321,49.7619
5,1.216915,48.9226
5,1.245149,48.0975
5,1.274038,47.2863
5,1.303598,46.4888
5,1.333843,45.7047
5,1.364791,44.9339
5,1.396456,44.176
5,1.428856,43.4309
5,1.462007,42.6984
5,1.495928,41.9783
5,1.530636,41.2703
5,1.566149,40.5743
5,1.602486,39.8899
5,1.639666,39.2172
5,1.677708,38.5557
5,1.716634,37.9055
5,1.756462,37.2661
5,1.797215,36.6376
5,1.838913,36.0197
5,1.881578,35.4122
5,1.925234,34.8149
5,1.969902,34.2278
5,2.015606,33.6505
5,2.062372,33.0829
5,2.110222,32.525
5,2.159182,31.9764
5,2.209278,31.4371
5,2.260537,30.9069
5,2.312984,30.3856
5,2.366649,29.8731
5,2.421559,29.3693
5,2.477743,28.874
5,2.53523,28.387
5,2.594051,27.9082
5,2.654237,27.4375
5,2.715819,26.9748
5,2.77883,26.5198
5,2.843303,26.0725
5,2.909272,25.6328
5,2.976772,25.2005
5,3.045837,24.7755
5,3.116505,24.3576
5,3.188813,23.9468
5,3.262798,23.5429
5,3.338499,23.1458
5,3.415958,22.7555
5,3.495213,22.3717
5,3.576307,21.9944
5,3.659283,21.6234
5,3.744183,21.2587
5,3.831054,20.9002
5,3.91994,20.5477
5,4.010889,20.2011
5,4.103947,19.8604
5,4.199165,19.5254
5,4.296592,19.1961
5,4.396279,18.8724
5,4.498279,18.5541
5,4.602646,18.2412
5,4.709434,17.9335
5,4.8187,17.631
5,4.930501,17.3337
5,5.044896,17.0413
5,5.161945,16.7539
5,5.28171,16.4713
5,5.404254,16.1935
5,5.52964,15.9204
5,5.657936,15.6519
5,5.789209,15.3879
5,5.923527,15.1284
5,6.060961,14.8732
5,6.201585,14.6224
5,6.345471,14.3758
5,6.492695,14.1333
5,6.643335,13.895
5,6.797471,13.6606
5,6.955182,13.4302
5,7.116552,13.2037
5,7.281667,12.981
5,7.450613,12.7621
5,7.623478,12.5468
5,7.800354,12.3352
5,7.981334,12.1272
5,8.166512,11.9226
5,8.355988,11.7216
5,8.549859,11.5239
5,8.748228,11.3295
5,8.9512,11.1384
5,9.158881,10.9506
5,9.371381,10.7659
5,9.588811,10.5843
5,9.811286,10.4058
5,10.038922,10.2303
5,10.27184,10.0577
5,10.510162,9.8881
5,10.754013,9.7213
5,11.003522,9.5574
5,11.258821,9.3962
5,11.520042,9.2377
5,11.787324,9.0819
5,12.060807,8.9287
5,12.340636,8.7781
5,12.626957,8.6301
5,12.919921,8.4845
5,13.219683,8.3414
5,13.526399,8.2008
5,13.840231,8.0624
5,14.161345,7.9265
5,14.48991,7.7928
5,14.826097,7.6613
5,15.170085,7.5321
5,15.522053,7.4051
5,15.882188,7.2802
5,16.250678,7.1574
5,16.627718,7.0367
5,17.013506,6.918
5,17.408244,6.8013
5,17.812141,6.6866
5,18.22541,6.5739
5,18.648266,6.463
5,19.080934,6.354
5,19.52364,6.2468
5,19.976617,6.1415
5,20.440104,6.0379
5,20.914345,5.936
5,21.399589,5.8359
5,21.896091,5.7375
5,22.404113,5.6407
5,22.923922,5.5456
5,23.455791,5.4521
5,24.0,5.3601
10,0.25,190.8469
10,0.2558,187.6281
10,0.261735,184.4636
10,0.267808,181.3525
10,0.274022,178.2938
10,0.280379,175.2867
10,0.286884,172.3304
10,0.293541,169.4239
10,0.300351,166.5664
10,0.30732,163.7571
10,0.31445,160.9953
10,0.321746,158.2799
10,0.329211,155.6104
10,0.336849,152.9859
10,0.344664,150.4057
10,0.352661,147.869
10,0.360843,145.3751
10,0.369215,142.9232
10,0.377782,140.5127
10,0.386547,138.1428
10,0.395515,135.8129
10,0.404692,133.5223
10,0.414081,131.2704
10,0.423689,129.0564
10,0.433519,126.8797
10,0.443577,124.7398
10,0.453869,122.636
10,0.464399,120.5676
10,0.475174,118.5342
10,0.486199,116.535
10,0.497479,114.5695
10,0.509021,112.6372
10,0.520831,110.7375
10,0.532916,108.8698
10,0.54528,107.0336
10,0.557931,105.2284
10,0.570876,103.4537
10,0.584121,101.7088
10,0.597674,99.9934
10,0.611541,98.307
10,0.625729,96.6489
10,0.640247,95.0189
10,0.655102,93.4163
10,0.670301,91.8408
10,0.685853,90.2918
10,0.701766,88.769
10,0.718048,87.2718
10,0.734708,85.7999
10,0.751754,84.3528
10,0.769196,82.9301
10,0.787042,81.5314
10,0.805303,80.1564
10,0.823987,78.8045
10,0.843105,77.4754
10,0.862666,76.1687
10,0.882681,74.884
10,0.903161,73.621
10,0.924115,72.3794
10,0.945556,71.1586
10,0.967495,69.9585
10,0.989942,68.7786
10,1.01291,67.6186
10,1.036411,66.4781
10,1.060457,65.3569
10,1.085062,64.2546
10,1.110237,63.1709
10,1.135996,62.1055
10,1.162353,61.058
10,1.189321,60.0282
10,1.216915,59.0158
10,1.245149,58.0205
10,1.274038,57.0419
10,1.303598,56.0798
10,1.333843,55.134
10,1.364791,54.2041
10,1.396456,53.2899
10,1.428856,52.3912
10,1.462007,51.5075
10,1.495928,50.6388
10,1.530636,49.7848
10,1.566149,48.9451
10,1.602486,48.1196
10,1.639666,47.308
10,1.677708,46.5101
10,1.716634,45.7257
10,1.756462,44.9545
10,1.797215,44.1963
10,1.838913,43.4509
10,1.881578,42.7181
10,1.925234,41.9976
10,1.969902,41.2893
10,2.015606,40.5929
10,2.062372,39.9083
10,2.110222,39.2352
10,2.159182,38.5734
10,2.209278,37.9229
10,2.260537,37.2833
10,2.312984,36.6545
10,2.366649,36.0363
10,2.421559,35.4285
10,2.477743,34.8309
10,2.53523,34.2435
10,2.594051,33.666
10,2.654237,33.0981
10,2.715819,32.5399
10,2.77883,31.9911
10,2.843303,31.4516
10,2.909272,30.9211
10,2.976772,30.3996
10,3.045837,29.8869
10,3.116505,29.3828
10,3.188813,28.8872
10,3.262798,28.4
10,3.338499,27.921
10,3.415958,27.4501
10,3.495213,26.9872
10,3.576307,26.532
10,3.659283,26.0845
10,3.744183,25.6446
10,3.831054,25.2121
10,3.91994,24.7868
10,4.010889,24.3688
10,4.103947,23.9578
10,4.199165,23.5537
10,4.296592,23.1565
10,4.396279,22.7659
10,4.498279,22.382
10,4.602646,22.0045
10,4.709434,21.6333
10,4.8187,21.2685
10,4.930501,20.9098
10,5.044896,20.5571
10,5.161945,20.2104
10,5.28171,19.8695
10,5.404254,19.5344
10,5.52964,19.205
10,5.657936,18.8811
10,5.789209,18.5626
10,5.923527,18.2495
10,6.060961,17.9417
10,6.201585,17.6391
10,6.345471,17.3416
10,6.492695,17.0492
10,6.643335,16.7616
10,6.797471,16.4789
10,6.955182,16.201
10,7.116552,15.9277
10,7.281667,15.6591
10,7.450613,15.395
10,7.623478,15.1354
10,7.800354,14.8801
10,7.981334,14.6291
10,8.166512,14.3824
10,8.355988,14.1398
10,8.549859,13.9013
10,8.748228,13.6669
10,8.9512,13.4364
10,9.158881,13.2098
10,9.371381,12.987
10,9.588811,12.7679
10,9.811286,12.5526
10,10.038922,12.3409
10,10.27184,12.1327
10,10.510162,11.9281
10,10.754013,11.7269
10,11.003522,11.5292
10,11.258821,11.3347
10,11.520042,11.1435
10,11.787324,10.9556
10,12.060807,10.7708
10,12.340636,10.5892
10,12.626957,10.4106
10,12.919921,10.235
10,13.219683,10.0624
10,13.526399,9.8926
10,13.840231,9.7258
10,14.161345,9.5618
10,14.48991,9.4005
10,14.826097,9.242
10,15.170085,9.0861
10,15.522053,8.9328
10,15.882188,8.7822
10,16.250678,8.6341
10,16.627718,8.4884
10,17.013506,8.3453
10,17.408244,8.2045
10,17.812141,8.0661
10,18.22541,7.9301
10,18.648266,7.7964
10,19.080934,7.6649
10,19.52364,7.5356
10,19.976617,7.4085
10,20.440104,7.2835
10,20.914345,7.1607
10,21.399589,7.0399
10,21.896091,6.9212
10,22.404113,6.8045
10,22.923922,6.6897
10,23.455791,6.5769
10,24.0,6.466
25,0.25,244.55
25,0.2558,240.4254
25,0.261735,236.3705
25,0.267808,232.3839
25,0.274022,228.4645
25,0.280379,224.6113
25,0.286884,220.8231
25,0.293541,217.0987
25,0.300351,213.4372
25,0.30732,209.8374
25,0.31445,206.2983
25,0.321746,202.8189
25,0.329211,199.3982
25,0.336849,196.0352
25,0.344664,192.7289
25,0.352661,189.4784
25,0.360843,186.2827
25,0.369215,183.1409
25,0.377782,180.052
25,0.386547,177.0153
25,0.395515,174.0298
25,0.404692,171.0947
25,0.414081,168.209
25,0.423689,165.372
25,0.433519,162.5829
25,0.443577,159.8408
25,0.453869,157.145
25,0.464399,154.4946
25,0.475174,151.8889
25,0.486199,149.3272
25,0.497479,146.8087
25,0.509021,144.3326
25,0.520831,141.8983
25,0.532916,139.5051
25,0.54528,137.1522
25,0.557931,134.8391
25,0.570876,132.5649
25,0.584121,130.3291
25,0.597674,128.131
25,0.611541,125.9699
25,0.625729,123.8453
25,0.640247,121.7566
25,0.655102,119.7031
25,0.670301,117.6842
25,0.685853,115.6993
25,0.701766,113.748
25,0.718048,111.8295
25,0.734708,109.9434
25,0.751754,108.0892
25,0.769196,106.2661
25,0.787042,104.4739
25,0.805303,102.7118
25,0.823987,100.9795
25,0.843105,99.2764
25,0.862666,97.602
25,0.882681,95.9559
25,0.903161,94.3375
25,0.924115,92.7465
25,0.945556,91.1822
25,0.967495,89.6444
25,0.989942,88.1324
25,1.01291,86.646
25,1.036411,85.1847
25,1.060457,83.7479
25,1.085062,82.3355
25,1.110237,80.9468
25,1.135996,79.5816
25,1.162353,78.2394
25,1.189321,76.9198
25,1.216915,75.6225
25,1.245149,74.3471
25,1.274038,73.0931
25,1.303598,71.8604
25,1.333843,70.6484
25,1.364791,69.4568
25,1.396456,68.2854
25,1.428856,67.1337
25,1.462007,66.0014
25,1.495928,64.8883
25,1.530636,63.7939
25,1.566149,62.7179
25,1.602486,61.6602
25,1.639666,60.6202
25,1.677708,59.5978
25,1.716634,58.5926
25,1.756462,57.6044
25,1.797215,56.6329
25,1.838913,55.6777
25,1.881578,54.7387
25,1.925234,53.8155
25,1.969902,52.9078
25,2.015606,52.0155
25,2.062372,51.1382
25,2.110222,50.2757
25,2.159182,49.4278
25,2.209278,48.5941
25,2.260537,47.7746
25,2.312984,46.9688
25,2.366649,46.1766
25,2.421559,45.3978
25,2.477743,44.6322
25,2.53523,43.8794
25,2.594051,43.1393
25,2.654237,42.4118
25,2.715819,41.6964
25,2.77883,40.9932
25,2.843303,40.3018
25,2.909272,39.6221
25,2.976772,38.9538
25,3.045837,38.2969
25,3.116505,37.6509
25,3.188813,37.0159
25,3.262798,36.3916
25,3.338499,35.7779
25,3.415958,35.1744
25,3.495213,34.5812
25,3.576307,33.9979
25,3.659283,33.4245
25,3.744183,32.8608
25,3.831054,32.3066
25,3.91994,31.7617
25,4.010889,31.226
25,4.103947,30.6994
25,4.199165,30.1816
25,4.296592,29.6726
25,4.396279,29.1721
25,4.498279,28.6801
25,4.602646,28.1964
25,4.709434,27.7208
25,4.8187,27.2533
25,4.930501,26.7937
25,5.044896,26.3418
25,5.161945,25.8975
25,5.28171,25.4607
25,5.404254,25.0313
25,5.52964,24.6091
25,5.657936,24.1941
25,5.789209,23.786
25,5.923527,23.3848
25,6.060961,22.9904
25,6.201585,22.6027
25,6.345471,22.2215
25,6.492695,21.8467
25,6.643335,21.4782
25,6.797471,21.116
25,6.955182,20.7598
25,7.116552,20.4097
25,7.281667,20.0655
25,7.450613,19.7271
25,7.623478,19.3943
25,7.800354,19.0672
25,7.981334,18.7457
25,8.166512,18.4295
25,8.355988,18.1187
25,8.549859,17.8131
25,8.748228,17.5127
25,8.9512,17.2173
25,9.158881,16.9269
25,9.371381,16.6414
25,9.588811,16.3607
25,9.811286,16.0848
25,10.038922,15.8135
25,10.27184,15.5468
25,10.510162,15.2846
25,10.754013,15.0268
25,11.003522,14.7734
25,11.258821,14.5242
25,11.520042,14.2793
25,11.787324,14.0384
25,12.060807,13.8017
25,12.340636,13.5689
25,12.626957,13.34
25,12.919921,13.115
25,13.219683,12.8938
25,13.526399,12.6764
25,13.840231,12.4626
25,14.161345,12.2524
25,14.48991,12.0457
25,14.826097,11.8426
25,15.170085,11.6428
25,15.522053,11.4465
25,15.882188,11.2534
25,16.250678,11.0636
25,16.627718,10.877
25,17.013506,10.6936
25,17.408244,10.5132
25,17.812141,10.3359
25,18.22541,10.1616
25,18.648266,9.9902
25,19.080934,9.8217
25,19.52364,9.6561
25,19.976617,9.4932
25,20.440104,9.3331
25,20.914345,9.1757
25,21.399589,9.0209
25,21.896091,8.8688
25,22.404113,8.7192
25,22.923922,8.5721
25,23.455791,8.4276
25,24.0,8.2854
50,0.25,295.0029
50,0.2558,290.0275
50,0.261735,285.1359
50,0.267808,280.3269
50,0.274022,275.5989
50,0.280379,270.9507
50,0.286884,266.3809
50,0.293541,261.8882
50,0.300351,257.4713
50,0.30732,253.1288
50,0.31445,248.8596
50,0.321746,244.6624
50,0.329211,240.5359
50,0.336849,236.4791
50,0.344664,232.4907
50,0.352661,228.5695
50,0.360843,224.7145
50,0.369215,220.9245
50,0.377782,217.1985
50,0.386547,213.5352
50,0.395515,209.9338
50,0.404692,206.3931
50,0.414081,202.9121
50,0.423689,199.4898
50,0.433519,196.1253
50,0.443577,192.8175
50,0.453869,189.5655
50,0.464399,186.3683
50,0.475174,183.225
50,0.486199,180.1348
50,0.497479,177.0967
50,0.509021,174.1098
50,0.520831,171.1733
50,0.532916,168.2863
50,0.54528,165.448
50,0.557931,162.6576
50,0.570876,159.9143
50,0.584121,157.2172
50,0.597674,154.5656
50,0.611541,151.9587
50,0.625729,149.3958
50,0.640247,146.8761
50,0.655102,144.3989
50,0.670301,141.9635
50,0.685853,139.5692
50,0.701766,137.2153
50,0.718048,134.901
50,0.734708,132.6258
50,0.751754,130.389
50,0.769196,128.1899
50,0.787042,126.0278
50,0.805303,123.9023
50,0.823987,121.8126
50,0.843105,119.7581
50,0.862666,117.7383
50,0.882681,115.7525
50,0.903161,113.8003
50,0.924115,111.8809
50,0.945556,109.994
50,0.967495,108.1388
50,0.989942,106.315
50,1.01291,104.5219
50,1.036411,102.759
50,1.060457,101.0259
50,1.085062,99.3221
50,1.110237,97.6469
50,1.135996,96.0
50,1.162353,94.3809
50,1.189321,92.7891
50,1.216915,91.2241
50,1.245149,89.6856
50,1.274038,88.1729
50,1.303598,86.6858
50,1.333843,85.2238
50,1.364791,83.7864
50,1.396456,82.3733
50,1.428856,80.984
50,1.462007,79.6182
50,1.495928,78.2753
50,1.530636,76.9552
50,1.566149,75.6572
50,1.602486,74.3812
50,1.639666,73.1267
50,1.677708,71.8934
50,1.716634,70.6808
50,1.756462,69.4888
50,1.797215,68.3168
50,1.838913,67.1646
50,1.881578,66.0318
50,1.925234,64.9181
50,1.969902,63.8232
50,2.015606,62.7468
50,2.062372,61.6885
50,2.110222,60.6481
50,2.159182,59.6252
50,2.209278,58.6196
50,2.260537,57.6309
50,2.312984,56.6589
50,2.366649,55.7033
50,2.421559,54.7638
50,2.477743,53.8402
50,2.53523,52.9321
50,2.594051,52.0394
50,2.654237,51.1617
50,2.715819,50.2988
50,2.77883,49.4505
50,2.843303,48.6165
50,2.909272,47.7965
50,2.976772,46.9904
50,3.045837,46.1979
50,3.116505,45.4187
50,3.188813,44.6527
50,3.262798,43.8996
50,3.338499,43.1592
50,3.415958,42.4312
50,3.495213,41.7156
50,3.576307,41.012
50,3.659283,40.3203
50,3.744183,39.6403
50,3.831054,38.9717
50,3.91994,38.3145
50,4.010889,37.6682
50,4.103947,37.0329
50,4.199165,36.4084
50,4.296592,35.7943
50,4.396279,35.1906
50,4.498279,34.5971
50,4.602646,34.0136
50,4.709434,33.4399
50,4.8187,32.8759
50,4.930501,32.3214
50,5.044896,31.7763
50,5.161945,31.2404
50,5.28171,30.7135
50,5.404254,30.1955
50,5.52964,29.6862
50,5.657936,29.1855
50,5.789209,28.6933
50,5.923527,28.2093
50,6.060961,27.7336
50,6.201585,27.2658
50,6.345471,26.806
50,6.492695,26.3539
50,6.643335,25.9094
50,6.797471,25.4724
50,6.955182,25.0428
50,7.116552,24.6204
50,7.281667,24.2052
50,7.450613,23.7969
50,7.623478,23.3956
50,7.800354,23.001
50,7.981334,22.6131
50,8.166512,22.2317
50,8.355988,21.8567
50,8.549859,21.4881
50,8.748228,21.1257
50,8.9512,20.7694
50,9.158881,20.4191
50,9.371381,20.0747
50,9.588811,19.7361
50,9.811286,19.4033
50,10.038922,19.076
50,10.27184,18.7543
50,10.510162,18.438
50,10.754013,18.127
50,11.003522,17.8213
50,11.258821,17.5207
50,11.520042,17.2252
50,11.787324,16.9347
50,12.060807,16.6491
50,12.340636,16.3683
50,12.626957,16.0922
50,12.919921,15.8208
50,13.219683,15.554
50,13.526399,15.2916
50,13.840231,15.0337
50,14.161345,14.7802
50,14.48991,14.5309
50,14.826097,14.2858
50,15.170085,14.0449
50,15.522053,13.808
50,15.882188,13.5751
50,16.250678,13.3462
50,16.627718,13.1211
50,17.013506,12.8998
50,17.408244,12.6822
50,17.812141,12.4683
50,18.22541,12.258
50,18.648266,12.0513
50,19.080934,11.848
50,19.52364,11.6482
50,19.976617,11.4517
50,20.440104,11.2586
50,20.914345,11.0687
50,21.399589,10.882
50,21.896091,10.6985
50,22.404113,10.5181
50,22.923922,10.3407
50,23.455791,10.1663
50,24.0,9.9948
100,0.25,355.8648
100,0.2558,349.8629
100,0.261735,343.9621
100,0.267808,338.1609
100,0.274022,332.4576
100,0.280379,326.8504
100,0.286884,321.3378
100,0.293541,315.9182
100,0.300351,310.59
100,0.30732,305.3516
100,0.31445,300.2016
100,0.321746,295.1385
100,0.329211,290.1608
100,0.336849,285.267
100,0.344664,280.4557
100,0.352661,275.7256
100,0.360843,271.0753
100,0.369215,266.5034
100,0.377782,262.0086
100,0.386547,257.5896
100,0.395515,253.2451
100,0.404692,248.9739
100,0.414081,244.7748
100,0.423689,240.6465
100,0.433519,236.5878
100,0.443577,232.5975
100,0.453869,228.6746
100,0.464399,224.8178
100,0.475174,221.0261
100,0.486199,217.2983
100,0.497479,213.6334
100,0.509021,210.0303
100,0.520831,206.488
100,0.532916,203.0054
100,0.54528,199.5815
100,0.557931,196.2154
100,0.570876,192.9061
100,0.584121,189.6526
100,0.597674,186.4539
100,0.611541,183.3092
100,0.625729,180.2176
100,0.640247,177.1781
100,0.655102,174.1898
100,0.670301,171.252
100,0.685853,168.3637
100,0.701766,165.5241
100,0.718048,162.7324
100,0.734708,159.9878
100,0.751754,157.2894
100,0.769196,154.6366
100,0.787042,152.0286
100,0.805303,149.4645
100,0.823987,146.9436
100,0.843105,144.4653
100,0.862666,142.0288
100,0.882681,139.6334
100,0.903161,137.2783
100,0.924115,134.963
100,0.945556,132.6868
100,0.967495,130.4489
100,0.989942,128.2488
100,1.01291,126.0857
100,1.036411,123.9592
100,1.060457,121.8685
100,1.085062,119.8131
100,1.110237,117.7924
100,1.135996,115.8057
100,1.162353,113.8526
100,1.189321,111.9323
100,1.216915,110.0445
100,1.245149,108.1885
100,1.274038,106.3638
100,1.303598,104.5699
100,1.333843,102.8063
100,1.364791,101.0724
100,1.396456,99.3677
100,1.428856,97.6918
100,1.462007,96.0441
100,1.495928,94.4243
100,1.530636,92.8317
100,1.566149,91.266
100,1.602486,89.7268
100,1.639666,88.2135
100,1.677708,86.7257
100,1.716634,85.263
100,1.756462,83.8249
100,1.797215,82.4112
100,1.838913,81.0212
100,1.881578,79.6547
100,1.925234,78.3113
100,1.969902,76.9905
100,2.015606,75.692
100,2.062372,74.4154
100,2.110222,73.1603
100,2.159182,71.9264
100,2.209278,70.7133
100,2.260537,69.5207
100,2.312984,68.3482
100,2.366649,67.1954
100,2.421559,66.0621
100,2.477743,64.9479
100,2.53523,63.8525
100,2.594051,62.7756
100,2.654237,61.7168
100,2.715819,60.6759
100,2.77883,59.6526
100,2.843303,58.6465
100,2.909272,57.6574
100,2.976772,56.6849
100,3.045837,55.7289
100,3.116505,54.789
100,3.188813,53.8649
100,3.262798,52.9565
100,3.338499,52.0633
100,3.415958,51.1852
100,3.495213,50.3219
100,3.576307,49.4732
100,3.659283,48.6388
100,3.744183,47.8185
100,3.831054,47.012
100,3.91994,46.2191
100,4.010889,45.4396
100,4.103947,44.6732
100,4.199165,43.9197
100,4.296592,43.179
100,4.396279,42.4507
100,4.498279,41.7348
100,4.602646,41.0309
100,4.709434,40.3389
100,4.8187,39.6585
100,4.930501,38.9897
100,5.044896,38.3321
100,5.161945,37.6856
100,5.28171,37.05
100,5.404254,36.4251
100,5.52964,35.8107
100,5.657936,35.2068
100,5.789209,34.613
100,5.923527,34.0292
100,6.060961,33.4553
100,6.201585,32.891
100,6.345471,32.3363
100,6.492695,31.7909
100,6.643335,31.2547
100,6.797471,30.7276
100,6.955182,30.2093
100,7.116552,29.6998
100,7.281667,29.1989
100,7.450613,28.7065
100,7.623478,28.2223
100,7.800354,27.7463
100,7.981334,27.2784
100,8.166512,26.8183
100,8.355988,26.366
100,8.549859,25.9213
100,8.748228,25.4841
100,8.9512,25.0543
100,9.158881,24.6317
100,9.371381,24.2163
100,9.588811,23.8079
100,9.811286,23.4063
100,10.038922,23.0116
100,10.27184,22.6235
100,10.510162,22.2419
100,10.754013,21.8668
100,11.003522,21.498
100,11.258821,21.1354
100,11.520042,20.7789
100,11.787324,20.4285
100,12.060807,20.0839
100,12.340636,19.7452
100,12.626957,19.4122
100,12.919921,19.0848
100,13.219683,18.7629
100,13.526399,18.4464
100,13.840231,18.1353
100,14.161345,17.8295
100,14.48991,17.5288
100,14.826097,17.2331
100,15.170085,16.9425
100,15.522053,16.6567
100,15.882188,16.3758
100,16.250678,16.0996
100,16.627718,15.8281
100,17.013506,15.5611
100,17.408244,15.2987
100,17.812141,15.0406
100,18.22541,14.787
100,18.648266,14.5376
100,19.080934,14.2924
100,19.52364,14.0513
100,19.976617,13.8143
100,20.440104,13.5814
100,20.914345,13.3523
100,21.399589,13.1271
100,21.896091,12.9057
100,22.404113,12.688
100,22.923922,12.474
100,23.455791,12.2637
100,24.0,12.0568
